video_url,user_url,username,title,view_num,created_at,shortdesc,collected_at
/watch?v=2laqn8D6c6w&pp=ygUTYW1hem9uIGNvbXBhbnkgMjAyMw%3D%3D,/@learnwithabby,Learn With Abby,Amazon FBA 2023 Beginner's Guide Step by Step | LEARN WITH ABBY,190K,11 months,"Hope you learned something with me today, more to come soon! In the meantime: Connect with me: Instagram-¬†...",2024-01-28 08:02:57.820502
/watch?v=RVVfJVj5z8s&pp=ygUTYW1hem9uIGNvbXBhbnkgMjAyMw%3D%3D,/@frontline,FRONTLINE PBS | Official,Amazon Empire: The Rise and Reign of Jeff Bezos (full documentary) | FRONTLINE,36M,3 years,An inside look at how Amazon CEO Jeff Bezos built one of the largest and most influential economic forces in the world ‚Äî and the¬†...,2024-01-28 08:03:07.192711
/watch?v=PMpY_oZGy_Q&pp=ygUTYW1hem9uIGNvbXBhbnkgMjAyMw%3D%3D,/@tyler-davis,Tyler Davis,I Tried Amazon FBA For 1 Year... Here's What They Won't Tell You,333K,10 months,"In this video, I share my experience trying out Amazon FBA for a full year. I'll reveal the ups and downs of the process and share¬†...",2024-01-28 08:03:07.201470
/watch?v=Dy8ogOaKk4Y&pp=ygUTYW1hem9uIGNvbXBhbnkgMjAyMw%3D%3D,/@DWDocumentary,DW Documentary,"Google, Facebook, Amazon - The rise of the mega-corporations | DW Documentary",3.6M,1 year,Mega-corporations like Amazon and Facebook are becoming more powerful. And their growth shows no signs of slowing down.,2024-01-28 08:03:07.206704
/watch?v=rAcEcb2osi4&pp=ygUTYW1hem9uIGNvbXBhbnkgMjAyMw%3D%3D,/@CNBC,CNBC,The Hidden Costs Of Amazon Shipping And Returns,2.8M,1 year,"Buying and returning on Amazon may seem extremely easy, but that simplicity comes at a cost. Amazon has more than 115000¬†...",2024-01-28 08:03:07.224773
/watch?v=9x0GRFUwSqo&pp=ygUTYW1hem9uIGNvbXBhbnkgMjAyMw%3D%3D,/@CNBCtelevision,CNBC Television,Amazon CEO says layoffs will continue into 2023,28K,1 year,Turn to CNBC TV for the latest stock market news and analysis. From market futures to live price updates CNBC is the leader in¬†...,2024-01-28 08:03:07.228177
/watch?v=TSAoDoBB8YU&pp=ygUTYW1hem9uIGNvbXBhbnkgMjAyMw%3D%3D,/@TatianaJames,Tatiana James,How Selling On Amazon Has Changed in 2023 üò®,30K,10 months,"I started selling on Amazon in 2014 and I can tell you that the playing field is completely different today... let me tell you why, and¬†...",2024-01-28 08:03:07.239819
/watch?v=uH24S9wzcQ0&pp=ygUTYW1hem9uIGNvbXBhbnkgMjAyMw%3D%3D,/@amazon,amazon,Introducing Amazon's Latest Devices and Services 2023,47K,4 months,"Introducing more intuitive, personalized experiences with our new smart home devices, plus more conversational interactions with¬†...",2024-01-28 08:03:07.241892
/shorts/0PQka0h42wc,/@Flips4Miles,Flips4Miles,How I Made $80k Profit in 1 Month On Amazon FBA,118K,9 months,I sell multiple 7 figures per year on Amazon FBA and it completely changed my life. If you want more free tutorials to speed up your¬†...,2024-01-28 08:03:07.251509
/watch?v=M9eSGTylvhw&pp=ygUTYW1hem9uIGNvbXBhbnkgMjAyMw%3D%3D,/@DanVas,Dan Vas,COMPLETE Amazon FBA Tutorial In 2023 | How To Sell On Amazon FBA And Make Money (Step By Step),1.8M,2 years,Email me! (I answer every email): danv@ecomfreedom.com FREE Ecom Freedom Amazon FBA Starter Pack: (Helpful tools to¬†...,2024-01-28 08:03:07.254722
/watch?v=9-pXe5CU-WQ&pp=ygUTYW1hem9uIGNvbXBhbnkgMjAyMw%3D%3D,/@NBCNews,NBC News,"Amazon CEO says company will cut 9,000 jobs",15K,10 months,Amazon CEO Andy Jassy said the company plans to cut 9000 more jobs after several rounds of layoffs since November. CNBC's¬†...,2024-01-28 08:03:07.272807
/watch?v=FtvJAhr1jMw&pp=ygUTYW1hem9uIGNvbXBhbnkgMjAyMw%3D%3D,/@KING5Seattle,KING 5 Seattle,"Amazon employees walk out over layoffs, return-to-work mandate",31K,7 months,"Amazon employees in South Lake Union walked off the job Wednesday upset over layoffs, a return-to-office mandate and the¬†...",2024-01-28 08:03:07.274775
/watch?v=ZWonAz7Kczs&pp=ygUTYW1hem9uIGNvbXBhbnkgMjAyMw%3D%3D,/@NBCNews,NBC News,Inside Amazon‚Äôs robot revolution,222K,1 month,"Amazon is investing a billion dollars in new industrial technology, including Digit, a robot working in their Seattle Robotics¬†...",2024-01-28 08:03:07.279529
/shorts/cybs7HnK_tA,/@SueIrven,Sue Irven,3 reasons you should NOT start Amazon KDP in 2023!,186K,1 year,3 reasons you should NOT start Amazon KDP in 2023! Hear me out: No reasons came to the screen because there is no¬†...,2024-01-28 08:03:07.296104
/watch?v=thyEWVHbTdc&pp=ygUTYW1hem9uIGNvbXBhbnkgMjAyMw%3D%3D,/@SantrelMedia,Santrel Media,Amazon FBA For Beginners 2024 (Step by Step Tutorial),465K,10 months,Timestamps: 0:00 - Start Here 2:15 - Setting Expectations 3:22 - Why Amazon? 5:01 - FBA vs FBM 7:45 - Finding Products To Sell¬†...,2024-01-28 08:03:07.308382
/watch?v=7Y4Ko_G-0B0&pp=ygUTYW1hem9uIGNvbXBhbnkgMjAyMw%3D%3D,/@Jatznaran,Jatz Naran,HOW TO SELL ON AMAZON IN 2023 (Beginners Guide),284K,8 months,In this video I am going to show a full amazon FBA wholesale guide for beginners Step by Step on how to start selling on amazon¬†...,2024-01-28 08:03:07.311898
/shorts/uI3dTs1aB1s,/@AmazonNewsIndia,Amazon News India,Life at Amazon,99K,7 months,Work & slay mode: Activated #Amazonians #AmazonInTheCommunity #Amazonindia #Amazonemployees.,2024-01-28 08:03:07.313649
/watch?v=vdXNOMNGPLw&pp=ygUTYW1hem9uIGNvbXBhbnkgMjAyMw%3D%3D,/@CNBCtelevision,CNBC Television,Amazon's Dave Limp explains the company's auto innovation heading into 2023,3.1K,1 year,Turn to CNBC TV for the latest stock market news and analysis. From market futures to live price updates CNBC is the leader in¬†...,2024-01-28 08:03:07.320617
/shorts/xJAppvsyYpc,/@TravisMarziani,Travis Marziani,Is Amazon FBA Still Worth It in 2023?,157K,7 months,Check out passionproduct.com to join my Amazon Fba Program. The program includes: 150+ Step by step video lessons Live¬†...,2024-01-28 08:03:16.227128
/shorts/QlHpKzuXuFc,/@Flips4Miles,Flips4Miles,How To Start An Amazon FBA Business in 2023 (STEP BY STEP),41K,1 year,"Thanks for watching this clip! I post 3x a week to help you make money with Amazon FBA, and document my own process of¬†...",2024-01-28 08:03:16.229658
/watch?v=5OtPiGy3Tqo&pp=ygUTYW1hem9uIGNvbXBhbnkgMjAyMw%3D%3D,/@Jatznaran,Jatz Naran,Amazon FBA WHOLESALE For Beginners 2023 (Step by Step Tutorial),676K,1 year,In this video I am going to show a full amazon FBA wholesale guide for beginners Step by Step on how to start selling on amazon¬†...,2024-01-28 08:03:16.234728
/shorts/6vA3d25ZIFs,/@GeniusGifts,GiftGenius (Official Page),Better than the normal kind?? #amazon #amazonfinds #amazonhome #amazonlife #founditonamazon,18M,8 months,Amazon products you need part 209 is this thing actually better than a regular bath mat like this let's see apparently it's made of¬†...,2024-01-28 08:03:16.237648
/watch?v=sILXutYWgQ4&pp=ygUTYW1hem9uIGNvbXBhbnkgMjAyMw%3D%3D,/@LogisticGyan,LogisticGyan,Amazon Recruitment 2024 | Freshers & Experienced job 2024 | SALARY PACKAGE 3-5 LPA üëåü§ë,28,16 hours,... jobs work from home 2023 12th pass job private company 2023 #fresher #aws #vacancyalert #frehser #jobsinhindi #jobupdate¬†...,2024-01-28 08:03:16.243252
/watch?v=fTwXS2H_iJo&pp=ygUTYW1hem9uIGNvbXBhbnkgMjAyMw%3D%3D,/@AmazonNews,Amazon News,Jeff Bezos on Why It's Always Day 1 at Amazon | Amazon News,369K,6 years,"At a recent Amazon all hands meeting, Jeff was asked ""Jeff, what does Day 2 look like?"" View the video to see what he said (hint:¬†...",2024-01-28 08:03:16.246217
/watch?v=o4IOz4uUUtw&pp=ygUTYW1hem9uIGNvbXBhbnkgMjAyMw%3D%3D,/@AmazonSellerUniversity,Amazon Seller University,Amazon Accelerate 2023 General Session Two | Amazon Accelerate 2023,1.8K,3 months,"Dharmesh Mehta (Vice President, Worldwide Selling Partner Services) and Claire O'Donnell (Director, Selling Partner¬†...",2024-01-28 08:03:16.248952
/watch?v=FfUiQF6tGe0&pp=ygUTYW1hem9uIGNvbXBhbnkgMjAyMw%3D%3D,/@KING5Seattle,KING 5 Seattle,Amazon announces more layoffs,7.6K,2 months,Amazon has announced it will be laying off 180 workers from its gaming division.,2024-01-28 08:03:16.251642
/watch?v=6uuV44nwNOQ&pp=ygUTYW1hem9uIGNvbXBhbnkgMjAyMw%3D%3D,/@Zabrena,Zabrena,Favorite Amazon Finds from 2023!,15K,4 weeks,bestof2023 #amazon #amazonfinds #amazonprime #beautytips #faith #budget #budgetfriendly #faithjourney AMAZON FINDS!,2024-01-28 08:03:16.255766
/watch?v=aMn7S9Ib8VU&pp=ygUTYW1hem9uIGNvbXBhbnkgMjAyMw%3D%3D,/@TravisMarziani,Travis Marziani,Amazon FBA: Complete Step-by-Step Tutorial For Beginners 2024,584K,1 year,"In this complete and in-depth Amazon FBA tutorial, I show you step-by-step how to create a legitimate Amazon FBA business, and¬†...",2024-01-28 08:03:16.263259
/watch?v=gxZ2K2HVesQ&pp=ygUTYW1hem9uIGNvbXBhbnkgMjAyMw%3D%3D,/@DanRodgers,Dan Rodgers,How To Create Amazon Seller Account 2023 - FULL Amazon Seller Registration,60K,9 months,In this How To Create Amazon Seller Account 2023 Tutorial I cover the Amazon seller registration 2023 process step by step.,2024-01-28 08:03:16.267550
/shorts/AD0niggGiHw,/@beebomco,Beebom,Best Selling Budget Projector on Amazon!,3.7M,5 months,"We tested the best selling budget projector on Amazon to find out if it is actually a good, value for money projector and if it's the¬†...",2024-01-28 08:03:16.271758
/watch?v=IllixfSnFq8&pp=ygUTYW1hem9uIGNvbXBhbnkgMjAyMw%3D%3D,/@StephanieMarie,Stephanie Marie,20 BEST Amazon Must Haves of 2023 | You NEED These!,46K,1 month,‚¨©‚¨©‚¨©‚¨© ‚ñª PRODUCTS: My updated Amazon Storefront: https://www.amazon.com/shop/stephb11 BEAUTY Foundation¬†...,2024-01-28 08:03:16.274774
/shorts/1C4IECKqsDg,/@DigitalAkansha,Digital Akansha,Amazon work from home jobs hiring #wfhjobs #amazonjobs #shorts #shortsvideo,1.4M,10 months,workfromhomejobs #wfhjobs #dataentryjobsworkfromhome #jobs #parttimejobsforstudents #parttimejobs amazon jobs amazon¬†...,2024-01-28 08:03:16.276715
/watch?v=Wm-b5WhnIOs&pp=ygUTYW1hem9uIGNvbXBhbnkgMjAyMw%3D%3D,/@Jatznaran,Jatz Naran,Amazon FBA For Beginners 2023 (Step by Step Tutorial),246K,1 year,in this tutorial i will be showing you step-by-step how you can start selling with amazon FBA. I have been selling on amazon since¬†...,2024-01-28 08:03:16.280787
/watch?v=DJQS4k7tbhg&pp=ygUTYW1hem9uIGNvbXBhbnkgMjAyMw%3D%3D,/@junglescout,Jungle Scout,ULTIMATE How to Sell on Amazon FBA Guide for Beginners 2023,646K,1 year,This is a complete step-by-step video guide tutorial for those looking to learn everything there is to know about selling on Amazon¬†...,2024-01-28 08:03:16.284826
/shorts/U68Zlppcr30,/@Mrwhosetheboss,Mrwhosetheboss,7 Amazon products that should not exist!,26M,8 months,"gadgets #Amazon #shorts I spend a LOT of time trying to make my videos as concise, polished and useful as possible for you - if¬†...",2024-01-28 08:03:16.288740
/shorts/R8RlK2HhL8w,/@WeFlipItAll,We Flip It All,$1.5 Million in Amazon sales using this method! üò±ü§ë #amazonseller #amazonfba #reseller #business,1.7M,2 years,This is how we did 1.5 million dollars in sales on amazon last year step one go to dmx step two scan every item in the store we'll¬†...,2024-01-28 08:03:16.291707
/watch?v=gcuGcSNx7_0&pp=ygUTYW1hem9uIGNvbXBhbnkgMjAyMw%3D%3D,/@AmazonSellerUniversity,Amazon Seller University,Amazon Accelerate 2023 General Session One | Amazon Accelerate 2023,2K,3 months,"Join Dharmesh Mehta (Vice President, Worldwide Selling Partner Services), Claire O'Donnell (Director, Selling Partner¬†...",2024-01-28 08:03:16.294554
/watch?v=QlbuY24alSk&pp=ygUTYW1hem9uIGNvbXBhbnkgMjAyMw%3D%3D,/@wsj,The Wall Street Journal,Inside Amazon‚Äôs Meticulous Same-Day Delivery Strategy | WSJ Shipping Wars,464K,2 months,Amazon is the king of fast delivery ‚Äì it pioneered the free two-day shipping model customers have come to expect. As competitors¬†...,2024-01-28 08:03:26.639080
/watch?v=FeMOnsCsBCg&pp=ygUTYW1hem9uIGNvbXBhbnkgMjAyMw%3D%3D,/@BiggVic,Bigg Vic Tv,How To Survive Amazon Relay In A Box Truck As A New Carrier In 2023,27K,1 year,How do you survive as a brand new owner operator in a box truck with the Amazon Relay program going forward in 2023. In this¬†...,2024-01-28 08:03:26.642697
/watch?v=Rj4tYXeKVwQ&pp=ygUTYW1hem9uIGNvbXBhbnkgMjAyMw%3D%3D,/@vasseurbeauty,Brittany Vasseur,üî• 30 TOP AMAZON BLACK FRIDAY - CYBER MONDAY DEALS 2023 üî• (all deals still live!),79K,2 months,"Black Friday 2023 is here and the deals are INSANE! Basically everything is on sale so I narrowed it down to my tops picks, best¬†...",2024-01-28 08:03:26.646403
/shorts/Gx3qk9K0Dms,/@NoTheRobot,No The Robot,Animator reveals actual size of Amazon‚Äôs net worth in pennies üëÄüí∞ #animation #amazon,20M,7 months,"Explore the staggering scale of Amazon's market cap in my latest video, where I visualize this colossal sum in an innovative and¬†...",2024-01-28 08:03:26.649397
/watch?v=DeD9x-pQBrc&pp=ygUTYW1hem9uIGNvbXBhbnkgMjAyMw%3D%3D,/@willchangelives,William Rivera,How To Open Wholesale Account With Name Brands | Amazon Wholesale 2024 | Full Tutorial,108K,2 years,What's up guys in this video I dive deep into the BEST way to make on Amazon. I am also going to be showing you guys how to¬†...,2024-01-28 08:03:26.653018
/watch?v=xL_6tQ5fVAg&pp=ygUTYW1hem9uIGNvbXBhbnkgMjAyMw%3D%3D,/@sophoswealthmanagement,"Sophos Wealth Management, LLC",Amazon Employee Benefits 2023,7.4K,11 months,Amazon provides their employees with a fairly standard benefits package. Compared to the robust and generous benfits of most¬†...,2024-01-28 08:03:26.655759
/watch?v=Pofp2OC22Sk&pp=ygUTYW1hem9uIGNvbXBhbnkgMjAyMw%3D%3D,/@ChicOnTheCheap,ChicOnTheCheap,50 *INCREDIBLE* AMAZON FAVORITES (must-have finds for 2023!),128K,7 months,#Amazon #AmazonFavorites #ChicOnTheCheap This video was not sponsored. Links in this post contain affiliates. Thank you for¬†...,2024-01-28 08:03:26.658582
/watch?v=mCqh9sV3hm8&pp=ygUTYW1hem9uIGNvbXBhbnkgMjAyMw%3D%3D,/@TravisMarziani,Travis Marziani,FREE Amazon FBA Course | COMPLETE Step by Step Tutorial For Beginners,831K,1 year,"In this FREE 6-hour tutorial, I will talk in-depth about the 5 STEPS to start selling on Amazon. Learn everything you need to know¬†...",2024-01-28 08:03:26.661847
/watch?v=nShJrSFKPDM&pp=ygUTYW1hem9uIGNvbXBhbnkgMjAyMw%3D%3D,/@techfulgadgets3632,Techful Gadgets,70 Best Tech Gadgets June 2023 On Amazon,180K,7 months,70 Best Tech Gadgets June 2023 On Amazon ............................................................................................ Copyright Disclaimer Under¬†...,2024-01-28 08:03:26.664830
/shorts/hGOBGUnMTJc,/@WebBeast,Web Beast,‚úÖ Earn Rs 1000/Day from Amazon Affiliate Marketing | Earn Money Online from Amazon in 2023,772K,11 months,Earn Rs 1000 Daily from Amazon Affiliate Marketing | Earn Money Online from Amazon in 2023 Checkout Popular Amazon¬†...,2024-01-28 08:03:26.667993
/shorts/gjXwSGpu7Ac,/@TrevinPeterson,Trevin Peterson,Why You Should Start Amazon FBA in 2023!!,15K,2 years,FREE Step by Step Selling on Amazon Guide HERE: https://www.freefbaguide.com/,2024-01-28 08:03:26.671103
/watch?v=ANLV6RXO0kU&pp=ygUTYW1hem9uIGNvbXBhbnkgMjAyMw%3D%3D,/@CNBC,CNBC,"Why Amazon, Google and Microsoft Laid Off Thousands Of Tech Workers",456K,11 months,"Tech giants like Amazon, Google and Microsoft have laid off tens of thousands of workers in the past few months. After going on a¬†...",2024-01-28 08:03:26.673956
/watch?v=Q0hiTFBNXnQ&pp=ygUTYW1hem9uIGNvbXBhbnkgMjAyMw%3D%3D,/@junglescout,Jungle Scout,How to Sell on Amazon FBA if You Live Outside the USA üá∫üá∏ (2023),63K,3 years,****************** Today you are going to learn how to sell on Amazon if you live outside of the USA. We will share 5 of the¬†...,2024-01-28 08:03:26.677818
/shorts/_2gtThDTRm0,/@A2z_Knowledge,SABBI XYZ,Amazon vs Flipkart ü§Ø ‡§ï‡•å‡§® ‡§ú‡•ç‡§Ø‡§æ‡§¶‡§æ ‡§™‡•à‡§∏‡•á üí∏ ‡§ï‡§Æ‡§æ‡§§‡§æ ‡§π‡•à‚ùì#shorts,153K,11 months,Amazon vs Flipkart ‡§ï‡•å‡§® ‡§ú‡•ç‡§Ø‡§æ‡§¶‡§æ ‡§™‡•à‡§∏‡•á ‡§ï‡§Æ‡§æ‡§§‡§æ ‡§π‡•à‚ùì#shorts #shorts #ytshorts #trendingshorts #viralshorts¬†...,2024-01-28 08:03:26.680651
/watch?v=U_vsRsBuaPY&pp=ygUTYW1hem9uIGNvbXBhbnkgMjAyMw%3D%3D,/@LisaLisaD1,LisaLisaD1,"BEST 21 Amazon Purchases Of 2023:  The ULTIMATE Fashion, Beauty, And Home Must-haves!",50K,2 weeks,Some links used are ode)affiliate ~Thank you for your support! Lisa.,2024-01-28 08:03:26.683408
/watch?v=k9bzDVLMN9Y&pp=ygUTYW1hem9uIGNvbXBhbnkgMjAyMw%3D%3D,/@BenAlistor,Ben Alistor,Amazon FBA UK For Beginners 2024 - Step By Step Tutorial,27K,1 year,Ben on Tik Tok @Ben_Alistor Ben on Instagram @BenAlistor Ben on Twitter @BenAlistor Ben on LinkedIn @Ben Alistor Ben on¬†...,2024-01-28 08:03:26.687158
/watch?v=jU3pmyumg6A&pp=ygUTYW1hem9uIGNvbXBhbnkgMjAyMw%3D%3D,/@SwittyKiwi,The Awesome S'witty Kiwi Show,How to Open an Amazon Delivery Business in 2023: The Amazon Logistics Business Model üî∂SHIP S1‚Ä¢E2,120K,2 years,How to Open an Amazon Delivery Business in 2023: The Amazon Logistics Business Model. Want to start an Amazon delivery¬†...,2024-01-28 08:03:26.690297
/watch?v=bOu-A2mbYBk&pp=ygUTYW1hem9uIGNvbXBhbnkgMjAyMw%3D%3D,/@WION,WION,"World Business Watch: Amazon layoffs to extend into 2023, more role reductions at company | WION",10K,1 year,Amazon said that there would be more role reductions at its annual planning process extends into next year which means more¬†...,2024-01-28 08:03:26.693092
/watch?v=eRvVbwhE2nM&pp=ygUTYW1hem9uIGNvbXBhbnkgMjAyMw%3D%3D,/@JacquelineVagar,Jacqueline Vagar,"How to Sell on Amazon in 2023: The Different Business Models (Beginners Guide), Amazon FBA Explained",6.9K,7 months,Not sure which Amazon business model is best for you? In this video I break down the top methods and explain the differences so¬†...,2024-01-28 08:03:26.695705
/watch?v=_hH2RseKKjY&pp=ygUTYW1hem9uIGNvbXBhbnkgMjAyMw%3D%3D,/@thedealguy,The Deal Guy,When is Amazon Prime Day 2023 and What You NEED To KNOW!,1M,6 months,When is Amazon Prime Day 2023? What's the Date? What's on Sale? If you want to know the answers then you need to watch this¬†...,2024-01-28 08:03:26.699703
/watch?v=iNML7TtzfTY&pp=ygUTYW1hem9uIGNvbXBhbnkgMjAyMw%3D%3D,/@thedealguy,The Deal Guy,10 NEW Amazon Prime Benefits You SHOULD Know in 2023!,795K,9 months,These are 10 NEW Amazon Prime Membership Benefits in 2023 that you should know in order to get the most out of your prime¬†...,2024-01-28 08:03:36.286045
/watch?v=R0tfJpPhMYg&pp=ygUTYW1hem9uIGNvbXBhbnkgMjAyMw%3D%3D,/@WION,WION,Amazon Layoffs: Job cuts at Amazon music | World Business Watch | WION,1.3K,2 months,"Amazon is facing yet another round of layoffs. This time, it's the turn of the music division to face the music. Reports suggest that¬†...",2024-01-28 08:03:36.288582
/watch?v=DcWqzZ3I2cY&pp=ygUTYW1hem9uIGNvbXBhbnkgMjAyMw%3D%3D,/@lexfridman,Lex Fridman,Jeff Bezos: Amazon and Blue Origin | Lex Fridman Podcast #405,3.5M,1 month,Jeff Bezos is the founder of Amazon and Blue Origin. Thank you for listening ‚ù§ Please support this podcast by checking out our¬†...,2024-01-28 08:03:36.290932
/watch?v=0hY-3kStSE8&pp=ygUTYW1hem9uIGNvbXBhbnkgMjAyMw%3D%3D,/@SantrelMedia,Santrel Media,How To Set Up An Amazon Seller Central Account 2024,62K,3 months,"In this video, we show you how to set up an Amazon FBA seller account 0:00 - Start Here 1:16 - Types of accounts 2:45 - Creating¬†...",2024-01-28 08:03:36.293018
/watch?v=l8HQuC5GsVc&pp=ygUTYW1hem9uIGNvbXBhbnkgMjAyMw%3D%3D,/@TruckingTopicsToday,Trucking Topics Today,NEW Amazon Relay Trucking Requirements 2023 | Owner Operator Trucking Business,42K,1 year,"In this video, Amazon Relay has made some recent changes to their approval process. I tell you what those changes are, and the¬†...",2024-01-28 08:03:36.294333
/watch?v=oO4TB7brqlg&pp=ygUTYW1hem9uIGNvbXBhbnkgMjAyMw%3D%3D,/@BlueTuskr,BlueTuskr,How to Create an Amazon Product Listing in Seller Central - 2023,9.1K,9 months,Welcome to E-commerce Tutorials powered by BlueTuskr! SUBSCRIBE HERE -- https://bit.ly/BlueTuskrYT üéôÔ∏è The E-Comm¬†...,2024-01-28 08:03:36.295625
/shorts/99xRcY02GZE,/@SuperBigFacts,Super Big Facts,Amazon vs Flipkart üî• which is better ü§© #shorts,118K,9 months,amazonvsflipkart #flipkartvsamazon #shortsbeta #shortsfeed #shortsindia #youtubeshorts #superbigfacts #flipkart #amazon¬†...,2024-01-28 08:03:36.299243
/watch?v=DcsTunFe6Jg&pp=ygUTYW1hem9uIGNvbXBhbnkgMjAyMw%3D%3D,/@FBA-Elite,Darren - FBA Elite,How To Start Amazon FBA in 2023 (Step by Step for Beginners),16K,1 year,How to start Amazon FBA step by step as a BEGINNER and make ¬£1000 per month PROFIT! These are the exact steps I followed¬†...,2024-01-28 08:03:36.300538
/shorts/RysBS-aYWIU,/@justicebuys1,Justice Buys,Top 15 Amazon Products for August #justicebuys #shorts #amazonfinds #productreview,30M,5 months,Top 15 Amazon products for August this is a lazy Susan which makes it easy to pass food around your kitchen table this is an¬†...,2024-01-28 08:03:36.301856
/shorts/NqznhoytakE,/@Raikenprofit,Raiken Profit,Amazon FBA vs FBM: What Works Better?,107K,1 year,First mistake that people make when selling on Amazon is that they actually sell as an fbm seller instead of an FBA seller as an¬†...,2024-01-28 08:03:36.303230
/watch?v=JPWasGuv0nE&pp=ygUTYW1hem9uIGNvbXBhbnkgMjAyMw%3D%3D,/@KTVUFox2,KTVU FOX 2 San Francisco,"More tech job layoffs announced at Google, Amazon, and Snap",195K,2 months,"Some major tech companies announced another round of job cuts on Thursday. Google, Amazon and Snap are among the¬†...",2024-01-28 08:03:36.304608
/watch?v=Yiafb0-gqF4&pp=ygUTYW1hem9uIGNvbXBhbnkgMjAyMw%3D%3D,/@CNBC,CNBC,How Amazon Delivers On One-Day Shipping,9.8M,4 years,"Prime Day, Amazon's biggest shopping event, is here, and now one-day shipping is the norm for tens of millions of items available¬†...",2024-01-28 08:03:36.306510
/watch?v=rfU1FGu6taI&pp=ygUTYW1hem9uIGNvbXBhbnkgMjAyMw%3D%3D,/@CNN,CNN,Amazon founder Jeff Bezos says he'll give away his wealth,471K,1 year,"In an exclusive interview, Amazon founder Jeff Bezos and partner Lauren Sanchez tell CNN's Chloe Melas why they awarded¬†...",2024-01-28 08:03:36.307866
/shorts/9zieRNab-pM,/@LukeWechselberger,Luke W,How to Sell on Amazon in 60 Seconds! FBA for beginners!,422K,1 year,How to sell on amazon fba for beginners in 60 seconds! GET STARTED SELLING ON AMAZON NOW! Mini Course (made it cost a¬†...,2024-01-28 08:03:36.309231
/shorts/tvnmEhDjbD4,/@meetsharmachannel,Meet Sharma,Amazon Recruitment 2023|Amazon Work From Home|Amazon New Vacancy 2023|Meet Sharma|Amazon Jobs,83K,11 months,"Amazon Recruitment 2023,Amazon Vacancy 2023,Amazon Job vacancy 2023|AMAZON BHARTI 2023|Amazon Jobs 2023,Work¬†...",2024-01-28 08:03:36.310846
/shorts/jY_8J0AoayY,/@PinkuNeog,Pinku Neog,amazon me return kaise kare 2023 || how to return product on amazon,391K,9 months,amazon me return kaise kare 2023 || how to return product on amazon #amazon #shortsfeed #items #2023 #pinkuneog¬†...,2024-01-28 08:03:36.312326
/watch?v=zGmiXUklcsk&pp=ygUTYW1hem9uIGNvbXBhbnkgMjAyMw%3D%3D,/@KING5Seattle,KING 5 Seattle,Amazon announces layoffs in its Alexa division,2.5K,2 months,Amazon is cutting hundreds of jobs in the unit that handles its popular voice assistant Alexa as it plows more resources into¬†...,2024-01-28 08:03:36.315820
/watch?v=s-X9ocLWcvQ&pp=ygUTYW1hem9uIGNvbXBhbnkgMjAyMw%3D%3D,/@thedealguy,The Deal Guy,10 Home Gadgets You NEED on Amazon in 2023!,904K,8 months,I thought it was about to time to make a list of the 10 BEST smart home gadgets on amazon in 2023. These are serious MUST¬†...,2024-01-28 08:03:36.317775
/watch?v=_w-LOJGz93w&pp=ygUTYW1hem9uIGNvbXBhbnkgMjAyMw%3D%3D,/@DanaBerez,Dana Berez,28 *BEST* Amazon Must Haves of 2023 üéâ,32K,3 weeks,Here are my Amazon Must Have Purchases of 2023 ‚Üí Everything Linked Here: https://amzlink.to/az0R99KNCSkwL ‚ô° LINKS TO¬†...,2024-01-28 08:03:36.319595
